Status	FigStatus	Notes	geneName	UniProt	Description	Pathway	Glycogene	Reactant	Product	Constraint	Compartment	
done	add fig		UGT1A1	P22309	UDP-glucuronosyltransferase 1-1	Metabolic_GlcAT	GlcAT	R	GlcA(??-?)R	None	ER	
done	add fig		UGT1A10	Q9HAW8	UDP-glucuronosyltransferase 1-10	Metabolic_GlcAT	GlcAT	R	GlcA(??-?)R	None	ER	
done	add fig		UGT1A3	P35503	UDP-glucuronosyltransferase 1-3	Metabolic_GlcAT	GlcAT	R	GlcA(??-?)R	None	ER	
done	add fig		UGT1A4	P22310	UDP-glucuronosyltransferase 1-4	Metabolic_GlcAT	GlcAT	R	GlcA(??-?)R	None	ER	
done	add fig		UGT1A5	P35504	UDP-glucuronosyltransferase 1-5	Metabolic_GlcAT	GlcAT	R	GlcA(??-?)R	None	ER	
done	add fig		UGT1A6	P19224	UDP-glucuronosyltransferase 1-6	Metabolic_GlcAT	GlcAT	R	GlcA(??-?)R	None	ER	
done	add fig		UGT1A7	Q9HAW7	UDP-glucuronosyltransferase 1-7	Metabolic_GlcAT	GlcAT	R	GlcA(??-?)R	None	ER	
done	add fig		UGT1A8	Q9HAW9	UDP-glucuronosyltransferase 1-8	Metabolic_GlcAT	GlcAT	R	GlcA(??-?)R	None	ER	
done	add fig		UGT1A9	O60656	UDP-glucuronosyltransferase 1-9	Metabolic_GlcAT	GlcAT	R	GlcA(??-?)R	None	ER	
done	add fig		UGT2A1	P0DTE4	UDP-glucuronosyltransferase 2A1	Metabolic_GlcAT	GlcAT	R	GlcA(??-?)R	None	ER	
done	add fig		UGT2B10	P36537	UDP-glucuronosyltransferase 2B10	Metabolic_GlcAT	GlcAT	R	GlcA(??-?)R	None	ER	
done	add fig		UGT2B17	O75795	UDP-glucuronosyltransferase 2B17	Metabolic_GlcAT	GlcAT	R	GlcA(??-?)R	None	ER	
done	add fig		UGT2B28	Q9BY64	UDP-glucuronosyltransferase 2B28	Metabolic_GlcAT	GlcAT	R	GlcA(??-?)R	None	ER	
done	add fig		UGT2B4	P06133	UDP-glucuronosyltransferase 2B4	Metabolic_GlcAT	GlcAT	R	GlcA(??-?)R	None	ER	
done	add fig		UGT2A2	P0DTE5	UDP-glucuronosyltransferase 2A2;UGT2A2;ortholog	Metabolic_GlcAT	GlcAT	R	GlcA(??-?)R	None	ER	
done	add fig		UGT2A3	Q6UWM9	UDP-glucuronosyltransferase 2A3;UGT2A3;ortholog	Metabolic_GlcAT	GlcAT	R	GlcA(??-?)R	None	ER	
done	add fig		UGT2B11	O75310	UDP-glucuronosyltransferase 2B11;UGT2B11;ortholog	Metabolic_GlcAT	GlcAT	R	GlcA(??-?)R	None	ER	
done	add fig		UGT2B15	P54855	UDP-glucuronosyltransferase 2B15;UGT2B15;ortholog	Metabolic_GlcAT	GlcAT	R	GlcA(??-?)R	None	ER	
done	add fig		UGT2B7	P16662	UDP-glucuronosyltransferase 2B7;UGT2B7;ortholog	Metabolic_GlcAT	GlcAT	R	GlcA(??-?)R	None	ER	
done	add fig		UGT3A1	Q6NUS8	UDP-glucuronosyltransferase 3A1;UGT3A1;ortholog	Metabolic_GlcAT	GlcAT	R	GlcA(??-?)R	None		
done	add fig		UGT3A2	Q3SY77	UDP-glucuronosyltransferase 3A2;UGT3A2;ortholog	Metabolic_GlcAT	GlcAT	R	GlcA(??-?)R	None		
done	no fig		SLC2A1	P11166	Solute carrier family 2, facilitated glucose transporter member 1;SLC2A1;ortholog	Sugar_Transport,Glucose_Transport	Glucose_Transporter	Glc [Extracellular]	Glc [Cyto]	None	cell membrane	
done	no fig		SLC2A10	O95528	Solute carrier family 2, facilitated glucose transporter member 10;SLC2A10;ortholog	Sugar_Transport,Glucose_Transport	Glucose_Transporter	Glc [Extracellular]	Glc [Cyto]	None	cell membrane	Facilitative glucose transporter required for the development of the cardiovascular system
done	no fig		SLC2A12	Q8TD20	Solute carrier family 2, facilitated glucose transporter member 12;SLC2A12;ortholog	Sugar_Transport,Glucose_Transport	Glucose_Transporter	Glc [Extracellular]	Glc [Cyto]	None	cell membrane,ER	
done	no fig		SLC2A2	P11168	Solute carrier family 2, facilitated glucose transporter member 2;SLC2A2;ortholog	Sugar_Transport,Glucose_Transport	Glucose_Transporter	Glc [Extracellular]	Glc [Cyto]	None	cell membrane	Transport of glucose and fructose in beta-cells
done	no fig		SLC2A3	P11169	Solute carrier family 2, facilitated glucose transporter member 3;SLC2A3;ortholog	Sugar_Transport,Glucose_Transport	Glucose_Transporter	Glc [Extracellular]	Glc [Cyto]	None	cell membrane	Mediates the uptake of glucose, 2-deoxyglucose, galactose, mannose, xylose and fucose
done	no fig		SLC2A4	P14672	Solute carrier family 2, facilitated glucose transporter member 4;SLC2A4;ortholog	Sugar_Transport,Glucose_Transport	Glucose_Transporter	Glc [Extracellular]	Glc [Cyto]	None	cell membrane	
done	no fig		SLC2A5	P22732	Solute carrier family 2, facilitated glucose transporter member 5;SLC2A5;ortholog	Sugar_Transport,Glucose_Transport	Glucose_Transporter	Fru [Extracellular]	Fru [Cyto]	None	cell membrane	fructose transporter that has only low activity with other monosaccharides. Critical in small intestines
done	no fig		SLC2A8	Q9NY64	Solute carrier family 2, facilitated glucose transporter member 8;SLC2A8;ortholog	Sugar_Transport,Glucose_Transport	Glucose_Transporter	Glc [Extracellular]	Glc [Cyto]	None	cell membrane	
done			FUT1	P19526	Galactoside 2alphaLfucosyltransferase 1	Capping,ABO_BloodGroups	FucosylT,α1-2 FucosylT	Gal(b1-?)GalNAc(b1-?) or Gal(b1-?)GlcNAc(b1-?)	Fuc(a1-2)Gal(b1-?)GalNAc(b1-?) or Fuc(a1-2)Gal(b1-?)GlcNAc(b1-?)	None	Golgi	
done			FUT2	Q10981	Galactoside 2alphaLfucosyltransferase 2	Capping,ABO_BloodGroups	FucosylT,α1-2 FucosylT	Gal(b1-?)GalNAc(b1-?) or Gal(b1-?)GlcNAc(b1-?)	Fuc(a1-2)Gal(b1-?)GalNAc(b1-?) or Fuc(a1-2)Gal(b1-?)GlcNAc(b1-?)	None	Golgi	
done			FUT3	P21217	Galactoside 3(4)Lfucosyltransferase	Capping	FucosylT,α1-3 FucosylT,α1-4 FucosylT	...Gal(b1-4)GlcNAc(b1-?) or ...Gal(b1-3)GlcNAc(b1-?)  or Gal(b1-4)GlcNAc(b1-?) or Gal(b1-3)GlcNAc(b1-?) 	...Gal(b1-4)[Fuc(a1-3)]GlcNAc(b1-?) or ...Gal(b1-3)[Fuc(a1-4)]GlcNAc(b1-?) or Gal(b1-4)[Fuc(a1-3)]GlcNAc(b1-?) or Gal(b1-3)[Fuc(a1-4)]GlcNAc(b1-?)  	!GlcNAc(b1-6)[GlcNAc(b1-3)]Gal(b1-4)@GlcNAc(b1-?)	Golgi	
done			FUT4	P22083	Alpha(1_3)fucosyltransferase 4	Capping	FucosylT,α1-3 FucosylT	...Gal(b1-4)GlcNAc(b1-?)	...Gal(b1-4)[Fuc(a1-3)]GlcNAc(b1-?)	!GlcNAc(b1-6)[GlcNAc(b1-3)]Gal(b1-4)@GlcNAc(b1-?)	Golgi	
done			FUT5	Q11128	Alpha(1_3)fucosyltransferase 5	Capping	FucosylT,α1-3 FucosylT,α1-4 FucosylT	...Gal(b1-4)GlcNAc(b1-?) or ...Gal(b1-3)GlcNAc(b1-?)  or Gal(b1-4)GlcNAc(b1-?) or Gal(b1-3)GlcNAc(b1-?) 	...Gal(b1-4)[Fuc(a1-3)]GlcNAc(b1-?) or ...Gal(b1-3)[Fuc(a1-4)]GlcNAc(b1-?) or Gal(b1-4)[Fuc(a1-3)]GlcNAc(b1-?) or Gal(b1-3)[Fuc(a1-4)]GlcNAc(b1-?)  	!GlcNAc(b1-6)[GlcNAc(b1-3)]Gal(b1-4)@GlcNAc(b1-?)	Golgi	
done			FUT6	P51993	Alpha(1_3)fucosyltransferase 6	Capping	FucosylT,α1-3 FucosylT	Gal(b1-4)GlcNAc(b1-?) or Neu5Ac(a2-3)Gal(b1-4)GlcNAc(b1-?)	Gal(b1-4)[Fuc(a1-3)]GlcNAc(b1-?) or Neu5Ac(a2-3)Gal(b1-4)[Fuc(a1-3)]GlcNAc(b1-?)	!GlcNAc(b1-6)[GlcNAc(b1-3)]Gal(b1-4)@GlcNAc(b1-?)	Golgi,Extracellular	
done			FUT7	Q11130	Alpha(1_3)fucosyltransferase 7	Capping	FucosylT,α1-3 FucosylT	Neu5Ac(a2-3)Gal(b1-4)GlcNAc(b1-?)	Neu5Ac(a2-3)Gal(b1-4)[Fuc(a1-3)]GlcNAc(b1-?)	None	Golgi	
done			FUT9	Q9Y231	Alpha(1_3)fucosyltransferase 9	Capping	FucosylT,α1-3 FucosylT	Gal(b1-4)GlcNAc(b1-?) or ...GlcNAc(b1-3)Gal(b1-4)GlcNAc(b1-?)	Gal(b1-4)[Fuc(a1-3)]GlcNAc(b1-?) or ...GlcNAc(b1-3)Gal(b1-4)[Fuc(a1-3)]GlcNAc(b1-?)	None	Golgi	
done			FUT10	Q6P4F1	Alpha-(1,3)-fucosyltransferase 10;FUT10;ortholog	Capping	Putative or Inactive Glycogenes	no activity	no activity			
done			FUT11	Q495W5	Alpha-(1,3)-fucosyltransferase 11;FUT11;ortholog	Capping	Putative or Inactive Glycogenes	no activity	no activity			
done			POFUT1	Q9H488	GDPfucose protein Ofucosyltransferase 1	O-Fuc	FucosylT	Ser/Thr	Fuc(a1-?)Ser/Thr	None	Golgi	EGF (already mentioned)
done			POFUT2	Q9Y2G5	GDPfucose protein Ofucosyltransferase 2	O-Fuc	FucosylT	Ser/Thr	Fuc(a1-?)Ser/Thr	None	Endoplasmic_Reticulum,Golgi	TSR (already mentioned)
done			ST3GAL1	Q11201	CMPNacetylneuraminatebetagalactosamidealpha2_3sialyltransferase 1	Capping	SialylT,α2-3 SialylT	Gal(b1-3)...GalNAc(a1-?)Ser/Thr or Gal(b1-3)GalNAc(a1-?)Ser/Thr 	Neu5Ac(a2-3)Gal(b1-3)...GalNAc(a1-?)Ser/Thr or Neu5Ac(a2-3)or Gal(b1-3)GalNAc(a1-?)Ser/Thr	!Gal(b1-4)GlcNAc(b1-?)	Golgi,Extracellular	
done			ST3GAL2	Q16842	CMPNacetylneuraminatebetagalactosamidealpha2_3sialyltransferase 2	Capping	SialylT,α2-3 SialylT	Gal(b1-3)GalNAc(a1-?)Ser/Thr or Gal(b1-3)GalNAc(b1-?)...Glc(b1-?)Cer	Neu5Ac(a2-3)Gal(b1-3)GalNAc(a1-?)Ser/Thr or Neu5Ac(a2-3)Gal(b1-3)GalNAc(b1-?)...Glc(b1-?)Cer	None	Golgi,Extracellular	
done			ST3GAL3	Q11203	CMPNacetylneuraminatebeta1_4galactoside alpha2_3sialyltransferase	Capping	SialylT,α2-3 SialylT	Gal(b1-4)GlcNAc(b1-?) or Gal(b1-3)GlcNAc(b1-?) or Gal(b1-3)GalNAc(b1-?)	Neu5Ac(a2-3)Gal(b1-4)GlcNAc(b1-?) or Neu5Ac(a2-3)Gal(b1-3)GlcNAc(b1-?) or Neu5Ac(a2-3)Gal(b1-3)GalNAc(b1-?)	None	Golgi,Extracellular	
done			ST3GAL4	Q11206	CMPNacetylneuraminatebetagalactosamidealpha2_3sialyltransferase 4	Capping	SialylT,α2-3 SialylT	Gal(b1-?)GlcNAc(b1-?)	Neu5Ac(a2-3)Gal(b1-?)GlcNAc(b1-?)	None	Golgi,Extracellular	
done			ST3GAL5	Q9UNP4	Lactosylceramide alpha2_3sialyltransferase	Capping	SialylT,α2-3 SialylT	Gal(b1-?)Cer or Gal(b1-4)Glc(b1-?)Cer	Neu5Ac(a2-3)Gal(b1-?)Cer or Neu5Ac(a2-3)Gal(b1-4)Glc(b1-?)Cer	None	Golgi	
done			ST3GAL6	Q9Y274	Type 2 lactosamine alpha2_3sialyltransferase	Capping	SialylT,α2-3 SialylT	Gal(b1-4)GlcNAc(b1-?)	Neu5Ac(a2-3)Gal(b1-4)GlcNAc(b1-?)	None	Golgi	
done			ST6GAL1	P15907	Betagalactoside alpha2_6sialyltransferase 1	Capping	SialylT,α2-6 SialylT	Gal(b1-4)GlcNAc(b1-?)	Neu5Ac(a2-6)Gal(b1-4)GlcNAc(b1-?)	None	Golgi,Extracellular	
done			ST6GAL2	Q96JF0	Betagalactoside alpha2_6sialyltransferase 2	Capping	SialylT,α2-6 SialylT	GalNAc(b1-4)GlcNAc(b1-?) or Gal(b1-4)GlcNAc(b1-?)	Neu5Ac(a2-6)GalNAc(b1-4)GlcNAc(b1-?) or Neu5Ac(a2-6)Gal(b1-4)GlcNAc(b1-?)	None	Golgi	
done			ST6GALNAC1	Q9NSC7	AlphaNacetylgalactosaminide alpha2_6sialyltransferase 1	Capping	SialylT,α2-6 SialylT	GalNAc(a1-?)Ser/Thr or Gal(b1-3)GalNAc(a1-?)Ser/Thr or Neu5Ac(a2-3)Gal(b1-3)GalNAc(a1-?)Ser/Thr	Neu5Ac(a2-6)GalNAc(a1-?)Ser/Thr or Gal(b1-3)[Neu5Ac(a2-6)]GalNAc(a1-?)Ser/Thr or Neu5Ac(a2-3)Gal(b1-3)[Neu5Ac(a2-6)]GalNAc(a1-?)Ser/Thr	None	Golgi	
done			ST6GALNAC2	Q9UJ37	AlphaNacetylgalactosaminide alpha2_6sialyltransferase 2	Capping	SialylT,α2-6 SialylT	GalNAc(a1-?)Ser/Thr or Gal(b1-3)GalNAc(a1-?)Ser/Thr or Neu5Ac(a2-3)Gal(b1-3)GalNAc(a1-?)Ser/Thr	Neu5Ac(a2-6)GalNAc(a1-?)Ser/Thr or Gal(b1-3)[Neu5Ac(a2-6)]GalNAc(a1-?)Ser/Thr or Neu5Ac(a2-3)Gal(b1-3)[Neu5Ac(a2-6)]GalNAc(a1-?)Ser/Thr	None	Golgi	
done			ST6GALNAC3	Q8NDV1	AlphaNacetylgalactosaminide alpha2_6sialyltransferase 3	Capping	SialylT,α2-6 SialylT	Neu5Ac(a2-3)Gal(b1-3)GalNAc(b1-?)	NeuAc(a2-3)Gal(b1-3)[Neu(a2-6)]GalNAc(b1-?)	nNeu5Ac(a2-3)=1 and !Asn	Golgi	
done			ST6GALNAC4	Q9H4F1	AlphaNacetylneuraminyl2_3betagalactosyl1_3Nacetylgalactosaminide alpha2_6sialyltransferase	Capping	SialylT,α2-6 SialylT	Neu5Ac(a2-3)Gal(b1-3)GalNAc(b1-?)	NeuAc(a2-3)Gal(b1-3)[Neu(a2-6)]GalNAc(b1-?)	nNeu5Ac(a2-3)=1 and !Asn	Golgi	
done			ST6GALNAC5	Q9BVH7	AlphaNacetylgalactosaminide alpha2_6sialyltransferase 5	Capping	SialylT,α2-6 SialylT	NeuAc(a2-3)Gal(b1-3)GalNAc(b1-?)...Cer	NeuAc(a2-3)Gal(b1-3)[Neu5Ac(a2-6)]GalNAc(b1-?)...Cer	nNeu5Ac(a2-3)=1	Golgi	
done			ST6GALNAC6	Q969X2	AlphaNacetylgalactosaminide alpha2_6sialyltransferase 6	Capping	SialylT,α2-6 SialylT	Neu5Ac(a2-3)Gal(b1-3)GalNAc(b1-?)...Cer	Neu5Ac(a2-3)Gal(b1-3)[NeuAc(a2-6)]GalNAc(b1-?)...Cer	nNeu5Ac(a2-?)<4	Golgi	
done			ST8SIA1	Q92185	AlphaNacetylneuraminide alpha2_8sialyltransferase	Capping	SialylT,α2-8 SialylT	NeuAc(a2-3)Gal(b1-?)Glc(b1-?)Cer or NeuAc(a2-8)NeuAc(a2-3)Gal(b1-?)Glc(b1-?)Cer or NeuAc(a2-3)Gal(b1-?)...Glc(b1-?)Cer	NeuAc(a2-8)NeuAc(a2-3)Gal(b1-?)Glc(b1-?)Cer or NeuAc(a2-8)NeuAc(a2-8)NeuAc(a2-3)Gal(b1-?)Glc(b1-?)Cer or NeuAc(a2-8)NeuAc(a2-3)Gal(b1-?)...Glc(b1-?)Cer	nNeu5Ac<5	Golgi	
done			ST8SIA2	Q92186	Alpha2_8sialyltransferase 8B	Capping	SialylT,α2-8 SialylT	NeuAc(a2-?)...	NeuAc(a2-8)NeuAc(a2-?)...	!Cer	Golgi	Restricted to selected proteins (NCAM, SynCAM-1) (was already there)
done			ST8SIA3	O43173	Siaalpha2_3Galbeta1_4GlcNAcR:alpha 2_8sialyltransferase	Capping	SialylT,α2-8 SialylT	NeuAc(a2-3)... or NeuAc(a2-3)Gal(b1-?)Glc(b1-?)Cer or NeuAc(a2-8)NeuAc(a2-3)Gal(b1-?)Glc(b1-?)Cer or NeuAc(a2-3)Gal(b1-?)...Glc(b1-?)Cer	NeuAc(a2-8)NeuAc(a2-3)... or NeuAc(a2-8)NeuAc(a2-3)Gal(b1-?)Glc(b1-?)Cer or NeuAc(a2-8)NeuAc(a2-8)NeuAc(a2-3)Gal(b1-?)Glc(b1-?)Cer or NeuAc(a2-8)NeuAc(a2-3)Gal(b1-?)...Glc(b1-?)Cer	None	Golgi	Broad specificity for GSLs and proteins
done			ST8SIA4	Q92187	CMPNacetylneuraminatepolyalpha2_8sialyltransferase	Capping	SialylT,α2-8 SialylT	NeuAc(a2-?)...	NeuAc(a2-8)NeuAc(a2-?)...	!Cer	Golgi	Restricted to selected proteins (NCAM, SynCAM-1)
done			ST8SIA5	O15466	Alpha2_8sialyltransferase 8E	Capping	SialylT,α2-8 SialylT	NeuAc(a2-8)NeuAc(a2-3)Gal(b1-?)Glc(b1-?)Cer or NeuAc(a2-3)Gal(b1-?)...Glc(b1-?)Cer	NeuAc(a2-8)NeuAc(a2-8)NeuAc(a2-3)Gal(b1-?)Glc(b1-?)Cer or NeuAc(a2-8)NeuAc(a2-3)Gal(b1-?)...Glc(b1-?)Cer	nNeu5Ac<4	Golgi	
done			ST8SIA6	P61647	Alpha2_8sialyltransferase 8F	Capping	SialylT,α2-8 SialylT	NeuAc(a2-3)Gal(b1-3)... Ser/Thr or NeuAc(a2-6)GalNAc(a1-?)Ser/Thr or NeuAc(a2-6)...GalNAc(a1-?)Ser/Thr	NeuAc(a2-8)NeuAc(a2-3)Gal(b1-3)... Ser/Thr or NeuAc(a2-8)NeuAc(a2-6)GalNAc(a1-?)Ser/Thr or NeuAc(a2-8)NeuAc(a2-6)...GalNAc(a1-?)Ser/Thr	None	Golgi	
done			UGCG	Q16739	Ceramide glucosyltransferase	GlcCer	GlcT	Cer	Glc(b1-?):Cer	None	Golgi (cytoplasmic side)	
description does not match UniPROT			CALR	P27797	Calreticulin;CALR;ortholog	Glycosylation_Regulator	Glycosylation_Regulation	no reaction			ER	
description does not match UniPROT			CANX	P27824	Calnexin;CANX;ortholog	Glycosylation_Regulator	Glycosylation_Regulation	no reaction			ER	
done			POGLUT1	Q8NBL1	Protein Oglucosyltransferase 1	O-Glc	GlcT	Ser[EGF]	Glc(b1-?)Ser[EGF]	None	ER	
done			GXYLT1	Q4G148	Glucoside xylosyltransferase 1;GXYLT1;ortholog	O-Glc	XylT	Glc(b1-?)Ser[EGF]	Xyl(a1-3)Glc(b1-?)Ser[EGF]		ER	
done			GXYLT2	A0PJZ3	Glucoside xylosyltransferase 2;GXYLT2;ortholog	O-Glc	XylT	Glc(b1-?)Ser[EGF]	Xyl(a1-3)Glc(b1-?)Ser[EGF]		ER	
done			XXYLT1	Q8NBI6	Xyloside xylosyltransferase 1	O-Glc	XylT	Xyl(a1-3)Glc(b1-?)Ser[EGF]	Xyl(a1-3)Xyl(a1-3)Glc(b1-?)Ser[EGF]	None	ER	
done			B3GALT1	Q9Y5Z6	Beta1-3galactosyltransferase 1	Type I LacNAc	GalT,β3GalT	GlcNAc(b1-?)	Gal(b1-3)GlcNAc(b1-?)	!Gal(b1-4)GlcNAc(b1-?)&!@GlcNAc(b1-4)...Man(b1-4)	Golgi	
done			B3GALT2	O43825	Beta1-3galactosyltransferase 2	Type I LacNAc	GalT,β3GalT	GlcNAc(b1-?)	Gal(b1-3)GlcNAc(b1-?)	!Gal(b1-4)GlcNAc(b1-?)&!@GlcNAc(b1-4)...Man(b1-4)	Golgi	
done			B3GALT4	O96024	Beta1-3galactosyltransferase 4	Lipid-linked,Ganglioside,GPI_Linked	GalT,β3GalT	GalNAc(b1-4)...Glc(b1-?)Cer	Gal(b1-3)GalNAc(b1-4)...Glc(b1-?)Cer	nNeuAc(a2-?)<4&GalNAc(b1-4)<3	Golgi	
done			B3GALT5	Q9Y2C3	Beta1-3galactosyltransferase 5	Lipid-linked,Lactoside,Globoside,Core3	GalT,β3GalT	GlcNAc(b1-3)...Glc(b1-?)Cer or GalNAc(b1-3)Gal(a1-4)...Glc(b1-?)Cer or GlcNAc(b1-3)[GalNAc(b1-6)]GalNAc(a1-1)Ser/Thr or or GalNAc(b1-6)[GlcNAc(b1-3)]GalNAc(a1-1)Ser/Thr	Gal(b1-3)GlcNAc(b1-3)...Glc(b1-?)Cer or Gal(b1-3)GalNAc(b1-3)Gal(a1-4)...Glc(b1-?)Cer or Gal(b1-3)GlcNAc(b1-3)[GalNAc(b1-6)]GalNAc(a1-1)Ser/Thr or GalNAc(b1-6)[Gal(b1-3)GlcNAc(b1-3)]GalNAc(a1-1)Ser/Thr	!Asn	Golgi	
done			B3GALT6	Q96L58	Beta1-3galactosyltransferase 6	O-Xyl,Heparan Sulfate,Chondroitin&Dermatan Sulfate	GalT,β3GalT	Gal(b1-4)Xyl(b1-?)Ser	Gal(b1-3)Gal(b1-4)Xyl(b1-?)Ser	None	Golgi	
done			A4GALT	Q9NPC4	Lactosylceramide 4alphagalactosyltransferase	Lipid-linked,GlcCer,Ganglioside,Globoside,Lactoside,Neolactoside	GalT,β4GalT	Gal(b1-4)Glc(b1-?)Cer or Gal(b1-4)GlcNAc(b1-3)Gal(b1-4)Glc(b1-?)Cer	Gal(a1-4)Gal(b1-4)Glc(b1-?)Cer or Gal(a1-4)Gal(b1-4)GlcNAc(b1-3)Gal(b1-4)Glc(b1-?)Cer	None	Golgi	
done			ABO	P16442	Histoblood group ABO system transferase	Elongation_and_Branching	GalNAcT,GalT	Fuc(a1-2)Gal(b1-?)	Fuc(a1-2)[GalNAc(a1-3)]Gal(b1-?) or Fuc(a1-2)[Gal(a1-3)]Gal(b1-?)	None	Golgi	
done			B4GALT1	P15291	Beta1_4galactosyltransferase 1	Type II LacNAc,POFUT1_Type	GalT,β4GalT	GlcNAc(b1-?) or Glc(b1-?)	Gal(b1-4)GlcNAc(b1-?) or Gal(b1-4)Glc(b1-?)	!Gal(b1-3)GlcNAc(b1-?)&!@GlcNAc(b1-4)...Man(b1-4)	Golgi	
done			B4GALT2	O60909	Beta1_4galactosyltransferase 2	Type II LacNAc	GalT,β4GalT	GlcNAc(b1-?)	Gal(b1-4)GlcNAc(b1-?)	!Gal(b1-3)GlcNAc(b1-?)&!@GlcNAc(b1-4)...Man(b1-4)	Golgi	
done			B4GALT3	O60512	Beta1_4galactosyltransferase 3	Type II LacNAc	GalT,β4GalT	GlcNAc(b1-?)	Gal(b1-4)GlcNAc(b1-?)	!Gal(b1-3)GlcNAc(b1-?)&!@GlcNAc(b1-4)...Man(b1-4)	Golgi	
done			B4GALT4	O60513	Beta1_4galactosyltransferase 4	Type II LacNAc	GalT,β4GalT	GlcNAc(b1-?)	Gal(b1-4)GlcNAc(b1-?)	!Gal(b1-3)GlcNAc(b1-?)&!@GlcNAc(b1-4)...Man(b1-4)	Golgi	
done			B4GALT5	O43286	Beta1_4galactosyltransferase 5	Type II LacNAc	GalT,β4GalT	GlcNAc(b1-?)	Gal(b1-4)GlcNAc(b1-?)	!Gal(b1-3)GlcNAc(b1-?)&!@GlcNAc(b1-4)...Man(b1-4)	Golgi	
done			B4GALT6	Q9UBX8	Beta1_4galactosyltransferase 6	Lipid-linked,Lactoside,Neolactoside	GalT,β4GalT	Glc(b1-?)Cer	Gal(b1-4)Glc(b1-?)Cer	None	Golgi	
done			B4GALT7	Q9UBV7	Beta1_4galactosyltransferase 7	GAG,O-Xyl,Chondroitin&Dermatan_Sulfate,Heparan_Sulfate	GalT,β4GalT	Xyl(b1-?)Ser	Gal(b1-4)Xyl(b1-?)Ser	None	Golgi	
done			C1GALT1	Q9NS00	Glycoprotein-N-acetylgalactosamine 3-beta-galactosyltransferase 1	O-GalNAc,Core1,Core2,Type III LacNAc	GalT	GalNAc(a1-?)Ser/Thr	Gal(b1-3)GalNAc(a1-?)Ser/Thr	None	Golgi	
done			C1GALT1C1	Q96EU7	C1GALT1-specific chaperone 1	O-GalNAc,Core1,Core2,Type III LacNAc	Putative or Inactive Glycogenes	no reaciton			ER	
done			UGT8	Q16880	2hydroxyacylsphingosine 1betagalactosyltransferase	Lipid-linked,GalCer	GalT	Cer	Gal(b1-?):Cer	None	ER	
done			A3GALT2	U3KPV4	Alpha-1,3-galactosyltransferase 2;A3GALT2;ortholog	Capping	Putative or Inactive Glycogenes	no reaction			Golgi	
done			DPY19L1	Q2PZI1	Probable C-mannosyltransferase DPY19L1;DPY19L1;ortholog	C-Man	ManT	WXXW or ...WXXW	Man(??-?)WXXW or ...Man(??-?)WXXW			
done			DPY19L2	Q6NUT2	Probable C-mannosyltransferase DPY19L2;DPY19L2;ortholog	C-Man	ManT	WXXW or ...WXXW	Man(??-?)WXXW or ...Man(??-?)WXXW			
done			DPY19L3	Q6ZPD9	Probable C-mannosyltransferase DPY19L3;DPY19L3;ortholog	C-Man	ManT	WXXW or ...WXXW	Man(??-?)WXXW or ...Man(??-?)WXXW			
done			DPY19L4	Q7Z388	Probable C-mannosyltransferase DPY19L4;DPY19L4;ortholog	C-Man	ManT	WXXW or ...WXXW	Man(??-?)WXXW or ...Man(??-?)WXXW			
need to fix reaction rule, rest is done			B4GALNT1	Q00973	Beta1_4 Nacetylgalactosaminyltransferase 1	Ganglioside	GalNAcT,β4GalNAcT	...Gal(b1-4)Glc(b1-?)Cer	...[GalNAc(b1-4)]Gal(b1-4)Glc(b1-?)Cer	nNeuAc(a2-?)<=3	Golgi	
need to fix reaction rule, rest is done			B4GALNT2	Q8NHY0	Beta1_4 Nacetylgalactosaminyltransferase 2	Ganglioside	GalNAcT,β4GalNAcT	...Gal(b1-4)Glc(b1-?)Cer	...[GalNAc(b1-4)]Gal(b1-4)Glc(b1-?)Cer	nNeuAc(a2-?)<=3	Golgi	
done			NEU1	Q99519	Sialidase1	Glycan_Degradation,Lysosome_Degradation	Glycosidase,Sialidase	NeuAc(a2-?)Gal(b1-?) or NeuAc(a2-?)NeuAc(a2-?)	Gal(b1-?) or NeuAc(a2-?)	None	lysosome	
done			NEU2	Q9Y3R4	Sialidase2	Glycan_Degradation,Cytosol_Degradation	Glycosidase,Sialidase	NeuAc(a2-?)Gal(b1-?) or NeuAc(a2-?)NeuAc(a2-?)	Gal(b1-?) or NeuAc(a2-?)	None	Cytosol	
done			NEU3	Q9UQ49	Sialidase3	Glycan_Degradation,Lysosome_Degradation	Glycosidase,Sialidase	NeuAc(a2-?)Gal(b1-?) or NeuAc(a2-?)NeuAc(a2-?)	Gal(b1-?) or NeuAc(a2-?)	None	lysosome	
done			NEU4	Q8WWR8	Sialidase4	Glycan_Degradation,Lysosome_Degradation	Glycosidase,Sialidase	NeuAc(a2-?)Gal(b1-?) or NeuAc(a2-?)NeuAc(a2-?)	Gal(b1-?) or NeuAc(a2-?)	None	lysosome, ER, mitochondria	
done			XYLT1	Q86Y38	Xylosyltransferase 1	GAG,O-Xyl	XylT	Ser	Xyl(b1-?)Ser	None	Golgi	
done			XYLT2	Q9H1B5	Xylosyltransferase 2	GAG,O-Xyl	XylT	Ser	Xyl(b1-?)Ser	None	Golgi	
check reaction rule for kinase			FAM20B	O75063	Glycosaminoglycan xylosylkinase;FAM20B;ortholog	GAG,O-Xyl,Chondroitin&Dermatan_Sulfate,Heparan_Sulfate	Modifying_Enzyme,Kinase	Gal(b1-4)Xyl(b1-?)Ser	Gal(b1-4)Xyl(b1-? [2P])Ser	None	Golgi	
done			B3GAT3	O94766	Galactosylgalactosylxylosylprotein 3betaglucuronosyltransferase 3	O-Xyl,Heparan Sulfate,Chondroitin&Dermatan Sulfate	GlcAT,β3GlcAT	Gal(b1-3)Gal(b1-4)	GlcA(b1-3)Gal(b1-3)Gal(b1-4)	Xyl	Golgi	
done			CHSY3	Q9P2E5	Chondroitin sulfate glucuronyltransferase;CHPF2;ortholog	GAG,O-Xyl,Chondroitin&Dermatan_Sulfate,CS&DS_Polymerization	GlcAT,β3GlcAT,GalNAcT,β4GalNAcT	GlcA(b1-3)GalNAc(b1-4)  or GalNAc(b1-4)GlcA(b1-3)	GalNAc(b1-4)GlcA(b1-3)GalNAc(b1-4)  or GlcA(b1-3)GalNAc(b1-4)GlcA(b1-3)	Xyl&!IdoA(a1-3)	Golgi	
done			CHPF	Q8IZ52	Chondroitin sulfate synthase 2	GAG,O-Xyl,Chondroitin&Dermatan_Sulfate,CS&DS_Polymerization	GlcAT,β3GlcAT,GalNAcT,β4GalNAcT	GlcA(b1-3)GalNAc(b1-4)  or GalNAc(b1-4)GlcA(b1-3)	GalNAc(b1-4)GlcA(b1-3)GalNAc(b1-4)  or GlcA(b1-3)GalNAc(b1-4)GlcA(b1-3)	Xyl&!IdoA(a1-3)	Golgi, cytoplasm	
done			CHPF2	Q9P2E5	Chondroitin sulfate glucuronyltransferase	GAG,O-Xyl,Chondroitin&Dermatan_Sulfate,CS&DS_Polymerization	GlcAT,β3GlcAT	GalNAc(b1-4)GlcA(b1-3)	 GlcA(b1-3)GalNAc(b1-4)GlcA(b1-3)	Xyl&!IdoA(a1-3)	Golgi	
done			CHSY1	Q86X52	Chondroitin sulfate synthase 1	GAG,O-Xyl,Chondroitin&Dermatan_Sulfate,CS&DS_Polymerization	GlcAT,β3GlcAT,GalNAcT,β4GalNAcT	GlcA(b1-3)GalNAc(b1-4)  or GalNAc(b1-4)GlcA(b1-3)	GalNAc(b1-4)GlcA(b1-3)GalNAc(b1-4)  or GlcA(b1-3)GalNAc(b1-4)GlcA(b1-3)	Xyl&!IdoA(a1-3)	Golgi, extracellular	
done			CSGALNACT1	Q8TDX6	Chondroitin sulfate Nacetylgalactosaminyltransferase 1	GAG,O-Xyl,Chondroitin&Dermatan_Sulfate	GalNAcT,β4GalNAcT	GlcA(b1-3)Gal(b1-3)Gal(b1-4)	GalNAc(b1-4)GlcA(b1-3)Gal(b1-3)Gal(b1-4)	Xyl	Golgi	
done			CSGALNACT2	Q8N6G5	Chondroitin sulfate Nacetylgalactosaminyltransferase 2	GAG,O-Xyl,Chondroitin&Dermatan_Sulfate,CS&DS_Polymerization	GalNAcT,β4GalNAcT	GlcA(b1-3)Gal(b1-3)Gal(b1-4) or GlcA(b1-3)GalNAc(b1-4)	GalNAc(b1-4)GlcA(b1-3)Gal(b1-3)Gal(b1-4) or GalNAc(b1-4)GlcA(b1-3)GalNAc(b1-4)	Xyl	Golgi	
done			DSEL	Q8IZU8	Dermatansulfate epimeraselike protein	Chondroitin&Dermatan_Sulfate	Epimerase	...GlcA(b1-3)	...IdoA(a1-3)	Xyl	Golgi	
done			DSE	Q9UL01	Dermatansulfate epimeraselike protein	Chondroitin&Dermatan_Sulfate	Epimerase	...GlcA(b1-3)	...IdoA(a1-3)	Xyl	ER	
done			GLCE	O94923	Dglucuronyl C5epimerase	O-Xyl,Heparan_Sulfate,HS_Polymerization	Epimerase	...GlcA(b1-4)GlcN	...IdoA(a1-4)GlcN	Xyl	Golgi	
done			EXT1	Q16394	Exostosin1	Heparan_Sulfate,HS_Polymerization	GlcAT,β4GlcAT,GlcNAcT,α4GlcNAcT	GlcNAc(a1-4)GlcA(b1-3) or GlcA(b1-4)GlcNAc(a1-4)	GlcA(b1-4)GlcNAc(a1-4)GlcA(b1-3) or GlcNAc(a1-4)GlcA(b1-4)GlcNAc(a1-4)	!IdoA(a1-4)&!GlcN(a1-4 [NS])	Golgi,ER	
done			EXT2	Q93063	Exostosin2	Heparan_Sulfate,HS_Polymerization	GlcAT,β4GlcAT,GlcNAcT,α4GlcNAcT	GlcNAc(a1-4)GlcA(b1-3) or GlcA(b1-4)GlcNAc(a1-4)	GlcA(b1-4)GlcNAc(a1-4)GlcA(b1-3) or GlcNAc(a1-4)GlcA(b1-4)GlcNAc(a1-4)	!IdoA(a1-4)&!GlcN(a1-4 [NS])	ER,Golgi	
done			EXTL1	Q92935	Exostosinlike 1	Heparan_Sulfate,HS_Polymerization	GlcNAcT,α4GlcNAcT	GlcA(b1-4)GlcNAc(a1-4)	GlcNAc(a1-4)GlcA(b1-4)GlcNAc(a1-4)	!IdoA(a1-4)&!GlcN(a1-4 [NS])	ER	
done			EXTL2	Q9UBQ6	Exostosinlike 2	Heparan_Sulfate,HS_Polymerization	GlcNAcT,α4GlcNAcT	GlcA(b1-4)GlcNAc(a1-4) or GlcA(b1-3)Gal(b1-3)Gal(b1-4)Xyl	GalNAc(a1-4)GlcA(b1-4)GlcNAc(a1-4) or GlcNAc(a1-4)GlcA(b1-3)Gal(b1-3)Gal(b1-4)Xyl	None	ER	
done			EXTL3	O43909	Exostosinlike 3	Heparan_Sulfate,HS_Polymerization	GlcNAcT,α4GlcNAcT	GlcA(b1-3)Gal(b1-3)Gal(b1-4)Xyl or GlcA(b1-4)GlcNAc(a1-4)	GlcNAc(a1-4)GlcA(b1-3)Gal(b1-3)Gal(b1-4)Xyl or GlcNAc(a1-4)GlcA(b1-4)GlcNAc(a1-4)	None	Golgi,ER	
done			HAS1	Q92839	Hyaluronan synthase 1	Hyaluronan	GlcNAcT,β4GlcNAcT,GlcAT,β3GlcAT	GlcA(b1-3) or GlcNAc(b1-4)	GlcNAc(b1-4)GlcA(b1-3) or GlcA(b1-3)GlcNAc(b1-4)	None	Membrane	
done			HAS2	Q92819	Hyaluronan synthase 2	Hyaluronan	GlcNAcT,β4GlcNAcT,GlcAT,β3GlcAT	GlcA(b1-3) or GlcNAc(b1-4)	GlcNAc(b1-4)GlcA(b1-3) or GlcA(b1-3)GlcNAc(b1-4)	None	Membrane	
done			HAS3	O00219	Hyaluronan synthase 3	Hyaluronan	GlcNAcT,β4GlcNAcT,GlcAT,β3GlcAT	GlcA(b1-3) or GlcNAc(b1-4)	GlcNAc(b1-4)GlcA(b1-3) or GlcA(b1-3)GlcNAc(b1-4)	None	Membrane	
done			HYAL1	Q12794	Hyaluronidase-1	Extracellular_Degradation,HA_Extracellular_Degradation	Glycosidase,NAcetylglucosaminidase	GlcA(a1-3)GlcNAc(b1-4)GlcA(a1-3)GlcNAc(b1-4) or GlcNAc(b1-4)GlcA(a1-3)GlcNAc(b1-4)GlcA(a1-3)	GlcA(a1-3)GlcNAc(b1-4) or GlcA(a1-3)GlcNAc(b1-4)GlcA(a1-3)	None	extracellular	
done			HYAL2	Q12891	Hyaluronidase-2	Extracellular_Degradation,HA_Extracellular_Degradation	Glycosidase,NAcetylglucosaminidase	GlcA(a1-3)GlcNAc(b1-4)GlcA(a1-3)GlcNAc(b1-4) or GlcNAc(b1-4)GlcA(a1-3)GlcNAc(b1-4)GlcA(a1-3)	GlcA(a1-3)GlcNAc(b1-4) or GlcA(a1-3)GlcNAc(b1-4)GlcA(a1-3)	None	cell membrane, extracellular	
done			HYAL3	O43820	Hyaluronidase-3	Extracellular_Degradation,HA_Extracellular_Degradation	Glycosidase,NAcetylglucosaminidase	GlcA(a1-3)GlcNAc(b1-4)GlcA(a1-3)GlcNAc(b1-4) or GlcNAc(b1-4)GlcA(a1-3)GlcNAc(b1-4)GlcA(a1-3)	GlcA(a1-3)GlcNAc(b1-4) or GlcA(a1-3)GlcNAc(b1-4)GlcA(a1-3)	None	ER, extracellular	
done			HYAL4	Q2M3T9	Hyaluronidase-4	Extracellular_Degradation,HA_Extracellular_Degradation	Glycosidase,NAcetylglucosaminidase	GlcA(a1-3)GlcNAc(b1-4)GlcA(a1-3)GlcNAc(b1-4) or GlcNAc(b1-4)GlcA(a1-3)GlcNAc(b1-4)GlcA(a1-3)	GlcA(a1-3)GlcNAc(b1-4) or GlcA(a1-3)GlcNAc(b1-4)GlcA(a1-3)	None	cell membrane, extracellular	
done	add fig 2		TMTC1	Q8IUR5	Protein O-mannosyl-transferase TMTC1;TMTC1;ortholog	O-Man,TMTC_Type	ManT	Ser[O-Man] or Thr[O-Man]	Man(a1-1)Ser[O-Man] or Man(a1-1)Thr[O-Man]	None	ER	
done	add fig 2		TMTC2	Q8N394	Protein O-mannosyl-transferase TMTC2;TMTC2;ortholog	O-Man,TMTC_Type	ManT	Ser[O-Man] or Thr[O-Man]	Man(a1-1)Ser[O-Man] or Man(a1-1)Thr[O-Man]	None	ER	
done	add fig 2		TMTC3	Q6ZXV5	Protein O-mannosyl-transferase TMTC3;TMTC3;ortholog	O-Man,TMTC_Type	ManT	Ser[O-Man] or Thr[O-Man]	Man(a1-1)Ser[O-Man] or Man(a1-1)Thr[O-Man]	None	ER	
done	add fig 2		TMTC4	Q5T4D3	Protein O-mannosyl-transferase TMTC4;TMTC4;ortholog	O-Man,TMTC_Type	ManT	Ser[O-Man] or Thr[O-Man]	Man(a1-1)Ser[O-Man] or Man(a1-1)Thr[O-Man]	None	ER	
done			NDST1	P52848	Bifunctional heparan sulfate Ndeacetylase/Nsulfotransferase 1	HS_Sulfation,N-sulfation	Modifying_Enzyme,Deacetylase,Sulfotransferase	GlcA(b1-4)GlcNAc(a1-4)GlcA(b1-4)	GlcA(b1-4)GlcN(a1-4 [NS])GlcA(b1-4)	var=50%	Golgi	
done			NDST2	P52849	Bifunctional heparan sulfate Ndeacetylase/Nsulfotransferase 2	HS_Sulfation,N-sulfation	Modifying_Enzyme,Deacetylase,Sulfotransferase	GlcA(b1-4)GlcNAc(a1-4)GlcA(b1-4)	GlcA(b1-4)GlcN(a1-4 [NS])GlcA(b1-4)	var=50%	Golgi	
done			NDST3	O95803	Bifunctional heparan sulfate Ndeacetylase/Nsulfotransferase 3	HS_Sulfation,N-sulfation	Modifying_Enzyme,Deacetylase,Sulfotransferase	GlcA(b1-4)GlcNAc(a1-4)GlcA(b1-4)	GlcA(b1-4)GlcN(a1-4 [NS])GlcA(b1-4)	var=50%	Golgi	
done			NDST4	Q9H3R1	Bifunctional heparan sulfate Ndeacetylase/Nsulfotransferase 4	HS_Sulfation,N-sulfation	Modifying_Enzyme,Deacetylase,Sulfotransferase	GlcA(b1-4)GlcNAc(a1-4)GlcA(b1-4)	GlcA(b1-4)GlcN(a1-4 [NS])GlcA(b1-4)	var=50%	Golgi	
done			UST	Q9Y2C2	Uronyl 2sulfotransferase	CS&DS_Sulfation	Modifying_Enzyme,Sulfotransferase,GlcA_IdoA2ST	GalNAc(b1-4)GlcA(b1-3)GalNAc or GalNAc(b1-4)IdoA(a1-3)GalNAc	GalNAc(b1-4)GlcA(b1-3 [2S])GalNAc or GalNAc(b1-4)IdoA(a1-3 [2S])GalNAc	var=50%	Golgi	
done			CHST1	O43916	Carbohydrate sulfotransferase 1	GAG,Keratan Sulfate,O-GalNAc,Processing	Modifying_Enzyme,Sulfotransferase,Gal6ST	GlcNAc(b1-3)Gal(b1-4)GlcNAc(b1-3 [6S]) or NeuAc(a2-3)Gal(b1-4)GlcNAc(b1-? [6S]) or NeuAc(a2-3)Gal(b1-4)GlcNAc(b1-?)	GlcNAc(b1-3)Gal(b1-4 [6S])GlcNAc(b1-3 [6S]) or NeuAc(a2-3)Gal(b1-4 [6S])GlcNAc(b1-? [6S]) or NeuAc(a2-3)Gal(b1-4 [6S])GlcNAc(b1-?)	var=50%	Golgi	
done			CHST10	O43529	Carbohydrate sulfotransferase 10	Capping,HNK-1	Modifying_Enzyme,Sulfotransferase,GlcAT3ST	GlcA(b1-3)Gal(b1-4)GlcNAc(b1-?)	GlcA(b1-3 [3S]])Gal(b1-4)GlcNAc(b1-?)	None	Golgi	
done			CHST11	Q9NPF2	Carbohydrate sulfotransferase 11	CS&DS_Sulfation	Modifying_Enzyme,Sulfotransferase,CS4ST	GlcA(b1-3)GalNAc(b1-4)GlcA(b1-3)	GlcA(b1-3)GalNAc(b1-4 [4S])GlcA(b1-3)	var=50%	Golgi	
done			CHST12	Q9NRB3	Carbohydrate sulfotransferase 12	CS&DS_Sulfation	Modifying_Enzyme,Sulfotransferase,CS4ST	GlcA(b1-3)GalNAc(b1-4)GlcA(b1-3) or GlcA(b1-3)GalNAc(b1-4)IdoA(a1-3)	GlcA(b1-3)GalNAc(b1-4 [4S])GlcA(b1-3) or GlcA(b1-3)GalNAc(b1-4 [4S])IdoA(a1-3)	var=50%	Golgi	
done			CHST13	Q8NET6	Carbohydrate sulfotransferase 13	CS&DS_Sulfation	Modifying_Enzyme,Sulfotransferase,CS4ST	GlcA(b1-3)GalNAc(b1-4)GlcA(b1-3)	GlcA(b1-3)GalNAc(b1-4 [4S])GlcA(b1-3)	var=50%	Golgi	
done			CHST14	Q8NCH0	Carbohydrate sulfotransferase 14	CS&DS_Sulfation	Modifying_Enzyme,Sulfotransferase,GalNAc4ST	IdoA(a1-3)GalNAc(b1-4)IdoA(a1-3) or IdoA(a1-3 [2S])GalNAc(b1-4)IdoA(a1-3) or IdoA(a1-3)GalNAc(b1-4)IdoA(a1-3 [2S]) or IdoA(a1-3 [2S])GalNAc(b1-4)IdoA(a1-3 [2S])	IdoA(a1-3)GalNAc(b1-4 [4S])IdoA(a1-3) or IdoA(a1-3 [2S])GalNAc(b1-4 [4S])IdoA(a1-3) or IdoA(a1-3)GalNAc(b1-4 [4S])IdoA(a1-3 [2S]) or IdoA(a1-3 [2S])GalNAc(b1-4 [4S])IdoA(a1-3 [2S])	var=50%	Golgi	
done			CHST15	Q7LFX5	Carbohydrate sulfotransferase 15	CS&DS_Sulfation	Modifying_Enzyme,Sulfotransferase,GalNAc4ST	GlcA(b1-3)GalNAc(b1-4 [6S]) or IdoA(a1-3)GalNAc(b1-4 [6S])	GlcA(b1-3)GalNAc(b1-4 [4,6S]) or IdoA(a1-3)GalNAc(b1-4 [4,6S])	var=50%	Golgi	
done			CHST2	Q9Y4C5	Carbohydrate sulfotransferase 2	Keratan_Sulfate,O-GalNAc,Core2	Sulfotransferase,GlcNAc6ST	Gal(b1-4)GlcNAc(b1-3)Gal or GlcNAc(b1-6)[Gal(b1-3)]GalNAc or Gal(b1-3)[GlcNAc(b1-6)]GalNAc or Gal(b1-4)GlcNAc(b1-6)[Gal(b1-3)]GalNAc or Gal(b1-3)[Gal(b1-4)GlcNAc(b1-6)]GalNAc	Gal(b1-4)GlcNAc(b1-3 [6S])Gal or GlcNAc(b1-6 [6S])[Gal(b1-3)]GalNAc or Gal(b1-3)[GlcNAc(b1-6 [6S])]GalNAc or Gal(b1-4)GlcNAc(b1-6 [6S])[Gal(b1-3)]GalNAc or Gal(b1-3)[Gal(b1-4)GlcNAc(b1-6 [6S])]GalNAc	var=50%	Golgi	
done			CHST3	Q7LGC8	Carbohydrate sulfotransferase 3	CS&DS_Sulfation	Sulfotransferase,GalNAc6ST	GlcA(b1-3)GalNAc(b1-4)GlcA or NeuAc(a2-3)Gal(b1-4)GlcNAc(b1-3 [6S])	GlcA(b1-3)GalNAc(b1-4 [6S])GlcA or NeuAc(a2-3)Gal(b1-4 [6S])GlcNAc(b1-3 [6S])	var=50%	Gogli	
done			CHST4	Q8NCG5	Carbohydrate sulfotransferase 4	O-GalNAc,Core2	Sulfotransferase,GlcNAc6ST	GlcNAc(b1-6)[Gal(b1-3)]GalNAc or Gal(b1-3)[GlcNAc(b1-6)]GalNAc or Gal(b1-4)GlcNAc(b1-6)[Gal(b1-3)]GalNAc or Gal(b1-3)[Gal(b1-4)GlcNAc(b1-6)]GalNAc	GlcNAc(b1-6 [6S])[Gal(b1-3)]GalNAc or Gal(b1-3)[GlcNAc(b1-6 [6S])]GalNAc or Gal(b1-4)GlcNAc(b1-6 [6S])[Gal(b1-3)]GalNAc or Gal(b1-3)[Gal(b1-4)GlcNAc(b1-6 [6S])]GalNAc	var=50%	Goligi	
done			CHST5	Q9GZS9	Carbohydrate sulfotransferase 5	O-GalNAc,Core2	Sulfotransferase,GlcNAc6ST	GlcNAc(b1-6)[Gal(b1-3)]GalNAc or Gal(b1-3)[GlcNAc(b1-6)]GalNAc or Gal(b1-4)GlcNAc(b1-6)[Gal(b1-3)]GalNAc or Gal(b1-3)[Gal(b1-4)GlcNAc(b1-6)]GalNAc	GlcNAc(b1-6 [6S])[Gal(b1-3)]GalNAc or Gal(b1-3)[GlcNAc(b1-6 [6S])]GalNAc or Gal(b1-4)GlcNAc(b1-6 [6S])[Gal(b1-3)]GalNAc or Gal(b1-3)[Gal(b1-4)GlcNAc(b1-6 [6S])]GalNAc	var=50%	Golgi	
done			CHST6	Q9GZX3	Carbohydrate sulfotransferase 6	Keratan_Sulfate	Sulfotransferase,GlcNAc6ST	Gal(b1-4)GlcNAc(b1-3)Gal or GlcNAc(b1-6)[Gal(b1-3)]GalNAc or Gal(b1-3)[GlcNAc(b1-6)]GalNAc or Gal(b1-4)GlcNAc(b1-6)[Gal(b1-3)]GalNAc or Gal(b1-3)[Gal(b1-4)GlcNAc(b1-6)]GalNAc	Gal(b1-4)GlcNAc(b1-3 [6S])Gal or GlcNAc(b1-6 [6S])[Gal(b1-3)]GalNAc or Gal(b1-3)[GlcNAc(b1-6 [6S])]GalNAc or Gal(b1-4)GlcNAc(b1-6 [6S])[Gal(b1-3)]GalNAc or Gal(b1-3)[Gal(b1-4)GlcNAc(b1-6 [6S])]GalNAc	var=50%	Golgi	
done			CHST7	Q9NS84	Carbohydrate sulfotransferase 7	CS&DS_Sulfation	Sulfotransferase,GalNAc6ST	GlcA(b1-3)GalNAc(b1-4)GlcA	GlcA(b1-3)GalNAc(b1-4 [6S])GlcA	var=50%	Golgi	
done			CHST8	Q9H2A9	Carbohydrate sulfotransferase 8	Capping,LacdiNAc	Modifying_Enzyme,Sulfotransferase,GalNAc4ST	GalNAc(b1-4)GlcNAc(b1-?)	GalNAc(b1-4 [4S])GlcNAc(b1-?)	GalNAc(a1-?) or GlcNAc(b1-4)GlcNAc	Golgi	
done			CHST9	Q7L1S5	Carbohydrate sulfotransferase 9	Capping,LacdiNAc	Modifying_Enzyme,Sulfotransferase,GalNAc4ST	GalNAc(b1-4)GlcNAc(b1-?)	GalNAc(b1-4 [4S])GlcNAc(b1-?)	GalNAc(a1-?) or GlcNAc(b1-4)GlcNAc	Golgi	
done			HS2ST1	Q7LGA3	Heparan sulfate 2Osulfotransferase 1	HS_Sulfation	Modifying_Enzyme,Sulfotransferase,GlcA_IdoA2ST	GlcA(b1-3)GalN(b1-4 [2S]) or IdoA(a1-3)GalN(b1-4 [2S])	GlcA(b1-3 [2S])GalN(b1-4 [2S]) or IdoA(a1-3 [2S])GalN(b1-4 [2S])	! <[6S]> or !<[2,6S]> and var=50%	Golgi	
done			HS3ST1	O14792	Heparan sulfate glucosamine 3Osulfotransferase 1	HS_Sulfation	Modifying_Enzyme,Sulfotransferase,GlcNAc3ST	IdoA(a1-4)GlcN(a1-4 [2S]) or IdoA(a1-4)GlcN(a1-4 [2,6S]) or GlcA(a1-4)GlcN(a1-4 [2S]) or GlcA(a1-4)GlcN(a1-4 [2,6S]) 	IdoA(a1-4)GlcN(a1-4 [2,3S]) or IdoA(a1-4)GlcN(a1-4 [2,3,6S]) or GlcA(a1-4)GlcN(a1-4 [2,3S]) or GlcA(a1-4)GlcN(a1-4 [2,3,6S]) 	None	Golgi, extracellular	
done			HS3ST2	Q9Y278	Heparan sulfate glucosamine 3Osulfotransferase 2	HS_Sulfation	Modifying_Enzyme,Sulfotransferase,GlcNAc3ST	IdoA(a1-4 [2S])GlcN(a1-4 [2S]) or IdoA(a1-4 [2S])GlcN(a1-4 [2,6S])	IdoA(a1-4 [2S])GlcN(a1-4 [2,3S]) or IdoA(a1-4 [2S])GlcN(a1-4 [2,3,6S])	None	Golgi	
done			HS3ST3A1	Q9Y663	Heparan sulfate glucosamine 3Osulfotransferase 3A1	HS_Sulfation	Modifying_Enzyme,Sulfotransferase,GlcNAc3ST	IdoA(a1-4 [2S])GlcN(a1-4 [2S]) or IdoA(a1-4 [2S])GlcN(a1-4 [2,6S])	IdoA(a1-4 [2S])GlcN(a1-4 [2,3S]) or IdoA(a1-4 [2S])GlcN(a1-4 [2,3,6S])	None	Golgi	
done			HS3ST3B1	Q9Y662	Heparan sulfate glucosamine 3Osulfotransferase 3B1	HS_Sulfation	Modifying_Enzyme,Sulfotransferase,GlcNAc3ST	IdoA(a1-4 [2S])GlcN(a1-4 [2S]) or IdoA(a1-4 [2S])GlcN(a1-4 [2,6S])	IdoA(a1-4 [2S])GlcN(a1-4 [2,3S]) or IdoA(a1-4 [2S])GlcN(a1-4 [2,3,6S])	None	Golgi	
done			HS3ST4	Q9Y661	Heparan sulfate glucosamine 3Osulfotransferase 4	HS_Sulfation	Modifying_Enzyme,Sulfotransferase,GlcNAc3ST	IdoA(a1-4 [2S])GlcN(a1-4 [2S]) or IdoA(a1-4 [2S])GlcN(a1-4 [2,6S])	IdoA(a1-4 [2S])GlcN(a1-4 [2,3S]) or IdoA(a1-4 [2S])GlcN(a1-4 [2,3,6S])	None	Golgi	
done			HS3ST5	Q8IZT8	Heparan sulfate glucosamine 3Osulfotransferase 5	HS_Sulfation	Modifying_Enzyme,Sulfotransferase,GlcNAc3ST	IdoA(a1-4)GlcN(a1-4 [2S]) or IdoA(a1-4)GlcN(a1-4 [2,6S]) or GlcA(a1-4)GlcN(a1-4 [2S]) or GlcA(a1-4)GlcN(a1-4 [2,6S]) 	IdoA(a1-4)GlcN(a1-4 [2,3S]) or IdoA(a1-4)GlcN(a1-4 [2,3,6S]) or GlcA(a1-4)GlcN(a1-4 [2,3S]) or GlcA(a1-4)GlcN(a1-4 [2,3,6S]) 	None	Golgi	
done			HS3ST6	Q96QI5	Heparan sulfate glucosamine 3Osulfotransferase 6	HS_Sulfation	Modifying_Enzyme,Sulfotransferase,GlcNAc3ST	IdoA(a1-4 [2S])GlcN(a1-4 [2S]) or IdoA(a1-4 [2S])GlcN(a1-4 [2,6S])	IdoA(a1-4 [2S])GlcN(a1-4 [2,3S]) or IdoA(a1-4 [2S])GlcN(a1-4 [2,3,6S])	None	Golgi	
done			HS6ST1	O60243	Heparansulfate 6Osulfotransferase 1	HS_Sulfation	Modifying_Enzyme,Sulfotransferase,GlcNAc6ST	IdoA(a1-4)GlcN(a1-4 [2S])	IdoA(a1-4)GlcN(a1-4 [2,6S])	! < IdoA(a1-4 [2S])>	Membrane	
done			HS6ST2	Q96MM7	Heparansulfate 6Osulfotransferase 2	HS_Sulfation	Modifying_Enzyme,Sulfotransferase,GlcNAc6ST	IdoA(a1-4)GlcN(a1-4 [2S]) or GlcA(a1-4)GlcN(a1-4 [2S])	IdoA(a1-4)GlcN(a1-4 [2,6S]) or GlcA(a1-4)GlcN(a1-4 [2,6S])	! < IdoA(a1-4 [2S])>	Membrane	
done			HS6ST3	Q8IZP7	Heparansulfate 6Osulfotransferase 3	HS_Sulfation	Modifying_Enzyme,Sulfotransferase,GlcNAc6ST	IdoA(a1-4)GlcN(a1-4 [2S]) or GlcA(a1-4)GlcN(a1-4 [2S])	IdoA(a1-4)GlcN(a1-4 [2,6S]) or GlcA(a1-4)GlcN(a1-4 [2,6S])	! < IdoA(a1-4 [2S])>	Membrane	
done			GAL3ST1	Q99999	Galactosylceramide sulfotransferase	GalCer,GlcCer,Capping,Sulfation	Sulfotransferase,Gal3ST	Gal(b1-?)Cer or Gal(b1-4)Glc(b1-?)Cer	Gal(b1-? [3S])Cer or Gal(b1-4 [3S])Glc(b1-?)Cer	None	Golgi	
done			GAL3ST2	Q9H3Q3	Galactose3Osulfotransferase 2	Lipid-linked,GlcCer,O-GalNAc,N-linked,Processing,Capping,Sulfation	Sulfotransferase,Gal3ST	Gal(b1-4)GlcNAc(b1-?) or Gal(b1-4)GlcNAc(b1-? [6S])  	Gal(b1-4 [3S])GlcNAc(b1-?) or Gal(b1-4 [3S])GlcNAc(b1-? [6S])	None	Golgi	
done			GAL3ST3	Q96A11	Galactose3Osulfotransferase 3	Lipid-linked,GlcCer,O-GalNAc,N-linked,Processing,Capping,Sulfation	Sulfotransferase,Gal3ST	Gal(b1-4)GlcNAc(b1-?) or Gal(b1-4)GlcNAc(b1-? [6S])  	Gal(b1-4 [3S])GlcNAc(b1-?) or Gal(b1-4 [3S])GlcNAc(b1-? [6S])	None	Golgi	
done			GAL3ST4	Q96RP7	Galactose3Osulfotransferase 4	Lipid-linked,GlcCer,O-GalNAc,Capping,Sulfation	Sulfotransferase,Gal3ST	Gal(b1-3)GalNAc(b1-?)	Gal(b1-3 [3S])GalNAc(b1-?)	None	Golgi	
need to fix reaction rule, rest is done			MGAT5B	Q3V5L5	Alpha1_6mannosylglycoprotein 6betaNacetylglucosaminyltransferase B	N-linked,Branching	GlcNAcT	GlcNAc(b1-2)Man(a1-r)	GlcNAc(b1-2)[GlcNAc(b1-6)]Man(a1-r)	None	Golgi	
done			A4GNT	Q9UNA3	Alpha1_4Nacetylglucosaminyltransferase	O-GalNAc, Core2	GlcNAcT, α4GlcNAcT	Gal(b1-?)	GlcNAc(a1-4)Gal(b1-?)	GlcNAc(b1-6)GalNAc(a1-?)	Golgi	
need to fix reaction rule, rest is done			B3GNT3	Q9Y2A9	Nacetyllactosaminide beta1_3Nacetylglucosaminyltransferase 3	O-GalNAc, Core1	GlcNAcT, β3GlcNAcT	Gal(b1-3)...GalNAc(a1-r) or Gal(b1-?)GlcNAc(b1-?)	GlcNAc(b1-3)Gal(b1-3)...GalNAc(a1-r) or GlcNAc(b1-3)Gal(b1-?)GlcNAc(b1-?)	None	Golgi	
done			GCNT1	Q02742	Beta1_3galactosylOglycosylglycoprotein beta1_6Nacetylglucosaminyltransferase	O-GalNAc, Core2	GlcNAcT, β6GlcNAcT	Gal(b1-3)GalNAc(a1-?)Ser/Thr	Gal(b1-3)[GlcNAc(b1-6)]GalNAc(a1-?)Ser/Thr	!NeuAc(a2-3)Gal(b1-3)GalNAc(a1-?)&!Gal(b1-3 3S])GalNAc(a1-?)	Golgi	
done			B3GNT6	O43505	AcetylgalactosaminylOglycosylglycoprotein beta1_3Nacetylglucosaminyltransferase	O-GalNAc, Core3	GlcNAcT, β3GlcNAcT	GalNAc(a1-?)Ser/Thr	GlcNAc(b1-3)GalNAc(a1-?)Ser/Thr	None	Golgi	
done			GCNT3	O95395	Beta1_3galactosylOglycosylglycoprotein beta1_6Nacetylglucosaminyltransferase 3	O-GalNAc, Core4	GlcNAcT, β6GlcNAcT	GlcNAc(b1-3)GalNAc(a1-?)Ser/Thr or Gal(b1-3)GalNAc(a1-?)Ser/Thr or ...GlcNAc(b1-3)Gal(b1-4)GlcNAc(b1-?)	GlcNAc(b1-3)[GlcNAc(b1-6)]GalNAc(a1-?)Ser/Thr or Gal(b1-3)[GlcNAc(b1-6)]GalNAc(a1-?)Ser/Thr or ...GlcNAc(b1-3)[GlcNAc(b1-6)]Gal(b1-4)GlcNAc(b1-?)	!NeuAc(a2-3)Gal(b1-3)GalNAc(a1-r)&!Gal(b1-3 S-3)GalNAc(a1-r)	Golgi	
need to fix reaction rule, rest is done			GCNT2	Q8N0V5	Nacetyllactosaminide beta1_6Nacetylglucosaminyltransferase	Elongation_and_Branching, Type I LacNAc	GlcNAcT, β6GlcNAcT	Gal(b1-4)GlcNAc(b1-3)Gal(b1-4)GlcNAc(b1-?)	Gal(b1-4)GlcNAc(b1-3)[GlcNAc(b1-6)]Gal(b1-4)GlcNAc(b1-?)	None	Golgi	
onto done, need to fix rest			MAN2B1	O00754	Lysosomal alpha-mannosidase	N-linked_Lysosome_Degradation	Mannosidase				Lysosome	
onto done, need to fix rest			MAN2B2	Q9Y2E5	Epididymis-specific alpha-mannosidase;MAN2B2;ortholog	N-linked_Lysosome_Degradation	Mannosidase				Lysosome, extracellular	
onto done, need to fix rest			MAN2C1	Q9NTJ4	Alpha-mannosidase 2C1;MAN2C1;ortholog	Cytosol_Degradation	Mannosidase				Cytoplasm	
onto done, need to fix rest			LFNG	Q8NES3	Beta1_3Nacetylglucosaminyltransferase lunatic fringe	O-Fuc	GlcNAcT	Fuc(a1-r)	GlcNAc(b1-3)Fuc(a1-r)	None	Golgi	
onto done, need to fix rest			MFNG	O00587	Beta1_3Nacetylglucosaminyltransferase manic fringe	O-Fuc	GlcNAcT	Fuc(a1-r)	GlcNAc(b1-3)Fuc(a1-r)	None	Golgi	
onto done, need to fix rest			RFNG	Q9Y644	Beta1_3Nacetylglucosaminyltransferase radical fringe	O-Fuc	GlcNAcT	Fuc(a1-r)	GlcNAc(b1-3)Fuc(a1-r)	None	Golgi	
onto done, need to fix rest		POMT1/POMT2 enzymes initiate O-Man biosynthesis at unfolded regions (mucin-like domain) of alpha-dystroglycan. Protein context appears to be important for directing coreM1-3 biosynthesis.	POMT1	Q9Y6A1	Protein Omannosyltransferase 1	O-Man,POMGNT1_Type|O-Man,POMGNT2_Type	ManT	Ser or Thr	Man(a1-r):Ser or Man(a1-r):Thr	None	ER	
onto done, need to fix rest			POMT2	Q9UKY4	Protein Omannosyltransferase 2	O-Man,POMGNT1_Type|O-Man,POMGNT2_Type	ManT	Ser or Thr	Man(a1-r):Ser or Man(a1-r):Thr	None	ER	
done			GCNT4	Q9P109	Beta1_3galactosylOglycosylglycoprotein beta1_6Nacetylglucosaminyltransferase 4	O-GalNAc, Core2	GlcNAcT, β6GlcNAcT	Gal(b1-3)GalNAc(a1-?)Ser/Thr	Gal(b1-3)[GlcNAc(b1-6)]GalNAc(a1-?)Ser/Thr	!NeuAc(a2-3)Gal(b1-3)GalNAc(a1-?)&!Gal(b1-3 3S])GalNAc(a1-?)	Golgi	
onto done, need to fix rest			POMGNT1	Q8WZA1	Protein Olinkedmannose beta1_2Nacetylglucosaminyltransferase 1	O-Man,POMGNT1_Type	GlcNAcT, β2GlcNAcT	Man(a1-r)	GlcNAc(b1-2)Man(a1-r)	None	ER	
onto done, need to fix rest			POMGNT2	Q8NAT1	Protein Olinkedmannose beta1_4Nacetylglucosaminyltransferase 2	O-Man,POMGNT2_Type	GlcNAcT, β4GlcNAcT	...Man(a1-r)	...[GlcNAc(b1-4)]Man(a1-r)	None	ER	
onto done, need to fix rest	no figure		TPST1	O60507	Protein-tyrosine sulfotransferase 1	Glycosylation_Regulator	Sulfotransferase				Golgi	
onto done, need to fix rest	no figure		TPST2	O60704	Protein-tyrosine sulfotransferase 2	Glycosylation_Regulator	Sulfotransferase				Golgi	
done		Releases N-glycans from glycoproteins by cleaving the beta-1,4-glycosidic bond in the N,N'-diacetylchitobiose core.	ENGASE	Q8NFI3	Cytosolic endo-beta-N-acetylglucosaminidase;ENGASE;ortholog	Cytosol_Degradation	Endoglycosidase|NAcetylglucosaminidase	...GlcNAc(b1-4)GlcNAc(b1-?)Asn	...GlcNAc(b1-4)GlcNAc(b1-?)	None	Cytoplasm	
onto only done		Catalyzes the transfer of CDP-ribitol to ribitol 5-phosphate previously attached by FKTN/fukutin to the phosphorylated O-mannosyl trisaccharide [GalNAcβ3GlcNAcβ4Man6Pα-dystroglycan] of DAG1	FKRP	Q9H9S5	Fukutin-related protein;FKRP;ortholog	O-Man, Dystro	RibitolT				Golgi,Secreted,Cell Membrane	
onto only done			FKTN	O75072	Fukutin;FKTN;ortholog	O-Man, Dystro	RibitolT				Golgi,Cytoplasm,Nucleus	
done	not in fig		PAPSS1	O43252	Bifunctional 3'-phosphoadenosine 5'-phosphosulfate synthase 1	donor_synthesis, PAPS	Kinase	ATP	PAPS	None	Cytoplasm	
done	not in fig		PAPSS2	O95340	Bifunctional 3'-phosphoadenosine 5'-phosphosulfate synthase 2	donor_synthesis, PAPS	Kinase	ATP	PAPS	None	Cytoplasm	
done			B3GAT1	Q9P2W7	Galactosylgalactosylxylosylprotein 3betaglucuronosyltransferase 1	Capping, HNK-1	GlcAT	Gal(b1-4)GlcNAc(b1-?)	GlcA(b1-3)Gal(b1-4)GlcNAc(b1-?)	!GlcA(b1-3)Gal(b1-4)GlcNAc(b1-?)	Golgi	
done			B3GAT2	Q9NPZ5	Galactosylgalactosylxylosylprotein 3betaglucuronosyltransferase 2	Capping, HNK-1	GlcAT	Gal(b1-4)GlcNAc(b1-?)	GlcA(b1-3)Gal(b1-4)GlcNAc(b1-?)	!GlcA(b1-3)Gal(b1-4)GlcNAc(b1-?)	Golgi	
done			B4GALNT3	Q6L9W6	Beta1_4Nacetylgalactosaminyltransferase 3	Capping,LacdiNAc	GalNAcT, β4GalNAcT	GlcNAc(b1-?)	GalNAc(b1-4)GlcNAc(b1-?)	None	Golgi	
done			B4GALNT4	Q76KP1	Nacetylbetaglucosaminylglycoprotein 4betaNacetylgalactosaminyltransferase 1	Capping,LacdiNAc	GalNAcT, β4GalNAcT	GlcNAc(b1-?)	GalNAc(b1-4)GlcNAc(b1-?)	None	Golgi	
PIGA, PIGC, PIGH, PIGP, PIGQ, PIGY, DPM2	Comment added, need to fix onto and reaction rule		PIGA	P37287	Phosphatidylinositol Nacetylglucosaminyltransferase subunit A	GPI_Linked	GlcNAcT	PI	GlcNAc(a1-6)PI	None	ER	
PIGA, PIGC, PIGH, PIGP, PIGQ, PIGY, DPM2	Comment added, need to fix onto and reaction rule		PIGC	Q92535	Phosphatidylinositol Nacetylglucosaminyltransferase subunit C	GPI_Linked	Glycosylation_Regulation	no reaction		None	ER	
PIGA, PIGC, PIGH, PIGP, PIGQ, PIGY, DPM2	Comment added, need to fix onto and reaction rule		PIGH	Q14442	Phosphatidylinositol Nacetylglucosaminyltransferase subunit H	GPI_Linked	Glycosylation_Regulation	no reaction		None	ER	
PIGA, PIGC, PIGH, PIGP, PIGQ, PIGY, DPM2	Comment added, need to fix onto and reaction rule		PIGP	P57054	Phosphatidylinositol Nacetylglucosaminyltransferase subunit P	GPI_Linked	Glycosylation_Regulation	no reaction		None	ER	
PIGA, PIGC, PIGH, PIGP, PIGQ, PIGY, DPM2	Comment added, need to fix onto and reaction rule		PIGQ	Q9BRB3	Phosphatidylinositol Nacetylglucosaminyltransferase subunit Q	GPI_Linked	Glycosylation_Regulation	no reaction		None	ER	
PIGA, PIGC, PIGH, PIGP, PIGQ, PIGY, DPM2	new		PIGY	Q3MUY2	Phosphatidylinositol Nacetylglucosaminyltransferase subunit Y	GPI_Linked	Glycosylation_Regulation	no reaction		None	ER	
	new		DPM2	O94777	Dolichol phosphate-mannose biosynthesis regulatory protein	GPI_Linked	Glycosylation_Regulation	no reaction		None	ER	
	new		PIGL	Q9Y2B2	N-acetylglucosaminyl-phosphatidylinositol de-N-acetylase	GPI_Linked	Modifying_Enzyme,Deacetylase	GlcNAc(a1-6)PI	GlcN(a1-6)PI		ER	
	new		PIGW	Q7Z7B1	Phosphatidylinositol-glycan biosynthesis class W protein	GPI_Linked	Modifying_Enzyme,acyltransferase	GlcN(a1-6)PI	GlcN(a1-6)(ancyl)PI		ER	
PIGM, PIGX	only onto done		PIGM	Q9H3S5	GPI mannosyltransferase 1	GPI_Linked	ManT	GlcN(a1-6)(ancyl)PI	Man(a1-4)GlcN(a1-6)(ancyl)PI	None	ER	
PIGM, PIGX	new		PIGX	Q8TBF5	Phosphatidylinositol-glycan biosynthesis class X protein	GPI_Linked	Glycosylation_Regulation	no reaction			ER	
	new		PIGV	Q9NUD9	GPI mannosyltransferase 2	GPI_Linked	ManT	Man(a1-4)GlcN(a1-6)(ancyl)PI	Man(a1-6)Man(a1-4)GlcN(a1-6)(ancyl)PI	None	ER	
	new		PIGN	O95427	GPI ethanolamine phosphate transferase 1	GPI_Linked	Glycosylation_Regulation	Man(a1-6)Man(a1-4)GlcN(a1-6)(ancyl)PI	Man(a1-6)[2EtNP]Man(a1-4)GlcN(a1-6)(ancyl)PI		ER	
	only onto done		PIGB	Q92521	GPI mannosyltransferase 3	GPI_Linked	ManT	Man(a1-6)[2EtNP]Man(a1-4)GlcN(a1-6)(ancyl)PI	Man(a1-2)Man(a1-6)[2EtNP]Man(a1-4)GlcN(a1-6)(ancyl)PI	None	ER	
PIGO, PIGF	new		PIGO	Q8TEQ8	GPI ethanolamine phosphate transferase 3	GPI_Linked	ethanolamine phosphate transferase	Man(a1-2)Man(a1-6)[2EtNP]Man(a1-4)GlcN(a1-6)(ancyl)PI	[6EtNP]Man(a1-2)Man(a1-6)[2EtNP]Man(a1-4)GlcN(a1-6)(ancyl)PI		ER	
	new		PIGF	Q07326	Phosphatidylinositol-glycan biosynthesis class F protein	GPI_Linked	Glycosylation_Regulation				ER	
PIGG, PIGF	new		PIGG	Q5H8A4	GPI ethanolamine phosphate transferase 2	GPI_Linked	ethanolamine phosphate transferase	[6EtNP]Man(a1-2)Man(a1-6)[2EtNP]Man(a1-4)GlcN(a1-6)(ancyl)PI	[6EtNP]Man(a1-2)[6EtNP]Man(a1-6)[2EtNP]Man(a1-4)GlcN(a1-6)(ancyl)PI		ER	
	new		PIGZ	Q86VD9	GPI mannosyltransferase 4	GPI_Linked	ManT	[6EtNP]Man(a1-2)[6EtNP]Man(a1-6)[2EtNP]Man(a1-4)GlcN(a1-6)(ancyl)PI	Man(a1-2)[6EtNP]Man(a1-2)[6EtNP]Man(a1-6)[2EtNP]Man(a1-4)GlcN(a1-6)(ancyl)PI	var=50%	ER	
PIGK, GPAA1, PIGS, PIGT, PIGU	new		PIGK	Q92643	GPI-anchor transamidase	GPI_Linked	transamidase 	Man(a1-2)[6EtNP]Man(a1-2)[6EtNP]Man(a1-6)[2EtNP]Man(a1-4)GlcN(a1-6)(ancyl)PI	Man(a1-2)[[anchor-protein]6EtNP]Man(a1-2)[6EtNP]Man(a1-6)[2EtNP]Man(a1-4)GlcN(a1-6)(ancyl)PI			
PIGK, GPAA1, PIGS, PIGT, PIGU	new		GPAA1	O43292	Glycosylphosphatidylinositol anchor attachment 1 protein	GPI_Linked	transamidase	Man(a1-2)[6EtNP]Man(a1-2)[6EtNP]Man(a1-6)[2EtNP]Man(a1-4)GlcN(a1-6)(ancyl)PI	Man(a1-2)[[anchor-protein]6EtNP]Man(a1-2)[6EtNP]Man(a1-6)[2EtNP]Man(a1-4)GlcN(a1-6)(ancyl)PI			
PIGK, GPAA1, PIGS, PIGT, PIGU	new		PIGS	Q96S52	GPI transamidase component PIG-S	GPI_Linked	Glycosylation_Regulation	no reaction				
PIGK, GPAA1, PIGS, PIGT, PIGU	new		PIGT	Q969N2	GPI transamidase component PIG-T	GPI_Linked	Glycosylation_Regulation	no reaction				
PIGK, GPAA1, PIGS, PIGT, PIGU	new		PIGU	Q9H490	Phosphatidylinositol glycan anchor biosynthesis class U protein	GPI_Linked	Glycosylation_Regulation	no reaction				
	new		MPPE1	Q53F39	Metallophosphoesterase 1	GPI_Linked	phosphoesterase	Man(a1-2)[[anchor-protein]6EtNP]Man(a1-2)[6EtNP]Man(a1-6)[2EtNP]Man(a1-4)GlcN(a1-6)(ancyl)PI	Man(a1-2)[[anchor-protein]6EtNP]Man(a1-2)[6EtNP]Man(a1-6)[2EtNP]Man(a1-4)GlcN(a1-6)(ancyl)PI			
	new		PGAP4	Q9BRR3	Post-GPI attachment to proteins factor 4	GPI_Linked	GalNAcT					
			COLGALT1	Q8NBJ5	GalT acting on collagen	Collagen_Glycosylation	GalT	5-hydroxy-L-lysyl-	Gal(b1-)5-hydroxy-L-lysyl-	None	ER	
			COLGALT2	Q8IYK4	GalT acting on collagen	Collagen_Glycosylation	GalT	5-hydroxy-L-lysyl-	Gal(b1-)5-hydroxy-L-lysyl-	NOne	ER	
			CRPPA	A4D126	Synthesizes CDP-ribitol	Nucleotide_Sugar_Synthesis, O-Man	Cytidylyltransferase	Ribitol(5P)	CMP-Ribitol	NOne	cytoplasm	
